{"Count":3,"FilesInfo":[{"FileName":"C:\\Users\\User\\OneDrive\\เดสก์ท็อป\\Maj\\]段位認定-Discord - Competition\\Tier 1\\WyvernP - Clock Paradox [Phigros]/.autosave/autosave.2025-3-12_0-20-56.txt","RawPath":"C:\\Users\\User\\OneDrive\\เดสก์ท็อป\\Maj\\]段位認定-Discord - Competition\\Tier 1\\WyvernP - Clock Paradox [Phigros]","SavedTime":1741742456},{"FileName":"C:\\Users\\User\\OneDrive\\เดสก์ท็อป\\Maj\\]段位認定-Discord - Competition\\Tier 1\\WyvernP - Clock Paradox [Phigros]/.autosave/autosave.2025-3-12_0-22-56.txt","RawPath":"C:\\Users\\User\\OneDrive\\เดสก์ท็อป\\Maj\\]段位認定-Discord - Competition\\Tier 1\\WyvernP - Clock Paradox [Phigros]","SavedTime":1741742576},{"FileName":"C:\\Users\\User\\OneDrive\\เดสก์ท็อป\\Maj\\]段位認定-Discord - Competition\\Tier 1\\WyvernP - Clock Paradox [Phigros]/.autosave/autosave.2025-3-12_13-33-16.txt","RawPath":"C:\\Users\\User\\OneDrive\\เดสก์ท็อป\\Maj\\]段位認定-Discord - Competition\\Tier 1\\WyvernP - Clock Paradox [Phigros]","SavedTime":1741789996}]}